Título,Precio de venta,Editor,Fecha de lanzamiento,Idioma,Subtítulos,Año,País,Duración,Calificación,Link
Gladiator II (Blu-Ray),"19,99 €",DIVISA RED S.A.,4 de marzo de 2025,"Castellano, Dolby Digital 5,1
Inglés, Dolby Atmos
Alemán, Dolby Digital 5,1
Checo, Dolby Digital 5,1
Francés, Dolby Digital 5,1
Italiano, Dolby Digital 5,1
Japonés, Dolby Digital 5,1
Tailandés, Dolby Digital 5,1","Castellano
Inglés
Alemán
Checo
Chino
Danés
Finés
Francés
Japonés
Italiano",2024,EEUU,148 min,No recomendada a menores de 16 años,https://www.elcorteingles.es/cine/A54115753-gladiator-ii-blu-ray/?parentCategoryId=999.54220013&color=default
Sonic 3: La película (Edición Metálica Shadow) (4K Ultra HD + Blu-Ray),"32,99 €",DIVISA RED S.A.,14 de abril de 2025,"Castellano, DTS-Surround 5,1
Alemán, DTS-Surround 5,1
Checo, DTS-Surround 5,1
Chino, DTS-Surround 5,1
Italiano, DTS-Surround 5,1
Japonés, DTS-Surround 5,1
Polaco, DTS-Surround 5,1
Inglés, Dolby Atmos","Castellano
Inglés
Alemán
Checo
Italiano
Chino
Eslovaco
Japonés
Polaco
Turco",2024,EEUU,110 min,No recomendada a menores de 7 años,https://www.elcorteingles.es/cine/A54961733-sonic-3-la-pelicula-edicion-metalica-shadow-4k-ultra-hd--blu-ray/?parentCategoryId=999.54220013&color=default
Mufasa: El rey león (Edición Metálica) (4K Ultra HD + Blu-Ray),"32,99 €",DIVISA RED S.A.,31 de marzo de 2025,"Castellano, DTS-Surround 5,1
Inglés, DTS-HD 7,1
Japonés, Dolby Digital Plus 7,1
Español De América, Dolby Digital Plus 7,1
Inglés, Audio Descriptivo
Japonés, Audio Descriptivo","Castellano
Japonés
Español De América",2024,EEUU,118 min,Para todos los públicos,https://www.elcorteingles.es/cine/A54670017-mufasa-el-rey-leon-edicion-metalica-4k-ultra-hd--blu-ray/?parentCategoryId=999.54220013&color=default
Mufasa: El rey león (DVD),"17,99 €",DIVISA RED S.A.,31 de marzo de 2025,"Castellano, Dolby Digital 5,1
Inglés, Dolby Digital 5,1
Italiano, Dolby Digital 5,1
Inglés, Audio Descriptivo","Castellano
Italiano",2024,EEUU,113 min,Para todos los públicos,https://www.elcorteingles.es/cine/A54670025-mufasa-el-rey-leon-dvd/?parentCategoryId=999.54220013&color=default
Gladiator II (4K Ultra HD + Blu-Ray),"25,99 €",DIVISA RED S.A.,4 de marzo de 2025,"Castellano, Dolby Digital 5,1
Catalán, Dolby Digital 5,1
Inglés, Dolby Atmos
Alemán, Dolby Atmos
Checo, Dolby Digital 5,1
Italiano, Dolby Digital 5,1
Polaco, Dolby Digital 5,1
Inglés, Audio Descriptivo","Castellano
Catalán
Inglés
Alemán
Checo
Eslovaco
Italiano
Polaco
Turco",2024,EEUU,148 min,No recomendada a menores de 16 años,https://www.elcorteingles.es/cine/A54115752-gladiator-ii-4k-ultra-hd--blu-ray/?parentCategoryId=999.54220013&color=default
Sonic 3: La película (Edición Metálica Sonic) (4K Ultra HD + Blu-Ray),"32,99 €",DIVISA RED S.A.,14 de abril de 2025,"Castellano, DTS-Surround 5,1
Alemán, DTS-Surround 5,1
Checo, DTS-Surround 5,1
Chino, DTS-Surround 5,1
Italiano, DTS-Surround 5,1
Japonés, DTS-Surround 5,1
Polaco, DTS-Surround 5,1
Inglés, Dolby Atmos","Castellano
Inglés
Alemán
Checo
Italiano
Chino
Eslovaco
Japonés
Polaco
Turco",2024,EEUU,110 min,No recomendada a menores de 7 años,https://www.elcorteingles.es/cine/A54961730-sonic-3-la-pelicula-edicion-metalica-sonic-4k-ultra-hd--blu-ray/?parentCategoryId=999.54220013&color=default
Gladiator II (Edición Metálica Coleccionista 2) (4K Ultra HD + Blu-Ray),"34,99 €",DIVISA RED S.A.,4 de marzo de 2025,"Castellano, Dolby Digital 5,1
Catalán, Dolby Digital 5,1
Inglés, Dolby Atmos
Alemán, Dolby Atmos
Checo, Dolby Digital 5,1
Italiano, Dolby Digital 5,1
Polaco, Dolby Digital 5,1","Castellano
Catalán
Inglés
Alemán
Checo
Eslovaco
Italiano
Polaco
Turco",2024,EEUU,148 min,No recomendada a menores de 16 años,https://www.elcorteingles.es/cine/A54115751-gladiator-ii-edicion-metalica-coleccionista-2-4k-ultra-hd--blu-ray/?parentCategoryId=999.54220013&color=default
Mufasa: El rey león (Blu-Ray),"21,99 €",DIVISA RED S.A.,31 de marzo de 2025,"Castellano, DTS-Surround 5,1
Inglés, DTS-HD 7,1",Castellano,2024,EEUU,118 min,Para todos los públicos,https://www.elcorteingles.es/cine/A54670022-mufasa-el-rey-leon-blu-ray/?parentCategoryId=999.54220013&color=default
Furiosa: De la saga Mad Max (4K Ultra HD + Blu-Ray),"24,95 €",Warner,28 de agosto de 2024,"Castellano, Dolby Atmos
Inglés, Dolby Atmos",Castellano,2024,EEUU,148 min,No recomendada a menores de 16 años,https://www.elcorteingles.es/cine/A52641409-furiosa-de-la-saga-mad-max-4k-ultra-hd--blu-ray/?parentCategoryId=999.54220013&color=default
Gladiator II (DVD),"17,99 €",DIVISA RED S.A.,4 de marzo de 2025,"Castellano, Dolby Digital 5,1
Inglés, Dolby Digital 5,1
Alemán, Dolby Digital 5,1","Castellano
Catalán
Inglés
Alemán
Turco",2024,EEUU,148 min,No recomendada a menores de 16 años,https://www.elcorteingles.es/cine/A54115749-gladiator-ii-dvd/?parentCategoryId=999.54220013&color=default
Pack: Top Gun + Top Gun Maverick (4K Ultra HD + Blu-Ray),"219,99 €",DIVISA RED S.A.,5 de diciembre de 2022,"Castellano
Inglés
Español De América
Francés
Alemán
Italiano","Castellano
Inglés
Danés
Finés
Francés
Español De América
Italiano
Neerlandés
Coreano
Alemán",1986,EEUU,240 min,No recomendada a menores de 12 años,https://www.elcorteingles.es/cine/A45811233-pack-top-gun--top-gun-maverick-4k-ultra-hd--blu-ray/?parentCategoryId=999.54220013&color=default
John Wick (Otro día para matar) (4K Ultra HD + Blu-Ray),"25,99 €",DIVISA RED S.A.,30 de junio de 2023,"Castellano
Inglés",Castellano,2017,EEUU,101 min,No recomendada a menores de 18 años,https://www.elcorteingles.es/cine/A47870742-john-wick-otro-dia-para-matar-4k-ultra-hd--blu-ray/?parentCategoryId=999.54220013&color=default
Trilogía El Hobbit Extendida (Blu-Ray),"59,95 €",Warner,11 de agosto de 2020,"Inglés, DTS HD Master Audio
Italiano, Dolby Digital 5,1
Castellano, Dolby Digital 5,1
Francés, Dolby Digital 5,1
Alemán, DTS HD Master Audio","Italiano
Noruego
Ruso
Sueco
Castellano
Holandés
Francés
Islandés
Finlandés
Danés",,EEUU,182 min,,https://www.elcorteingles.es/cine/A36700978-trilogia-el-hobbit-extendida-blu-ray/?parentCategoryId=999.54220013&color=default
El conde de Montecristo (Blu-Ray),"18,95 €",,,,,,,,,https://www.elcorteingles.es/cine/A53276637-el-conde-de-montecristo-blu-ray/?parentCategoryId=999.54220013&color=default
Viuda Negra - Steelbook 4k UHD + Blu-ray,"38,69 €",DVD STORE,9 de enero de 2024,"Polaco
Checo
Italiano
Inglés
Castellano","Italiano
Castellano
Polaco
Checo",2021,EEUU,133,No recomendada a menores de 12 años,https://www.elcorteingles.es/cine/A40727448-viuda-negra-steelbook-4k-uhd--blu-ray/?parentCategoryId=999.54220013&color=default
El último hombre (Blu-Ray),"13,95 €",WARNER HBO,30 de abril de 2025,"Inglés, DTS HD Master Audio 5,1
Castellano, Dolby Digital 2",Castellano,1996,EEUU,100 min,No recomendada a menores de 18 años,https://www.elcorteingles.es/cine/A55083328-el-ultimo-hombre-blu-ray/?parentCategoryId=999.54220013&color=default
Pack Tierra Media (El Hobbit y El Señor de los Anillos) (4K Ultra HD + Blu-Ray),"299,95 €",Warner,29 de noviembre de 2021,",",,,,3419 min,,https://www.elcorteingles.es/cine/A41258734-pack-tierra-media-el-hobbit-y-el-senor-de-los-anillos-4k-ultra-hd--blu-ray/?parentCategoryId=999.54220013&color=default
Los Demonios de la Noche The Ghost And The Darkness,N/A,DVD STORE,9 de enero de 2024,"Italiano
Francés
Alemán
Portugués
Inglés
Castellano
Español","Francés
Alemán
Italiano
Portugués
Castellano
Inglés",1996,EEUU,120,No recomendada a menores de 12 años,https://www.elcorteingles.es/cine/A48220580-los-demonios-de-la-noche-the-ghost-and-the-darkness/?parentCategoryId=999.54220013&color=default
La Cima De Los Heroes (Blu-Ray) (Pork Chop Hill),N/A,,7 de diciembre de 2017,"Castellano
Castellano",Español,,España,,No recomendada a menores de 13 años,https://www.elcorteingles.es/cine/MP_0008858_8436548869007-la-cima-de-los-heroes-blu-ray-pork-chop-hill/?parentCategoryId=999.54220013&color=default
Los Tres Mosqueteros BD 1948 The Three Musketeers,"13,69 €",DVD STORE,,"Castellano
Italiano
Alemán
Francés
Inglés","Francés
Alemán
Italiano
Portugués
Castellano
Inglés",1948,EEUU,126,No recomendada a menores de 12 años,https://www.elcorteingles.es/cine/A43545533-los-tres-mosqueteros-bd-1948-the-three-musketeers/?parentCategoryId=999.54220013&color=default
Turbulencia Abróchense los Cinturones BD 1996 Turbulence,"16,53 €",DVD STORE,9 de enero de 2024,"Alemán
Francés
Italiano
Castellano
Inglés","Francés
Italiano
Portugués
Castellano
Inglés",1996,EEUU,100,No recomendada a menores de 18 años,https://www.elcorteingles.es/cine/A44622658-turbulencia-abrochense-los-cinturones-bd-1996-turbulence/?parentCategoryId=999.54220013&color=default
Gladiator II (Edición Metálica Coleccionista 1) (4K Ultra HD + Blu-Ray),"34,99 €",DIVISA RED S.A.,4 de marzo de 2025,"Castellano, Dolby Digital 5,1
Catalán, Dolby Digital 5,1
Inglés, Dolby Atmos
Alemán, Dolby Atmos
Checo, Dolby Digital 5,1
Italiano, Dolby Digital 5,1
Polaco, Dolby Digital 5,1","Castellano
Catalán
Inglés
Alemán
Checo
Eslovaco
Italiano
Polaco
Turco",2024,EEUU,148 min,No recomendada a menores de 16 años,https://www.elcorteingles.es/cine/A54115750-gladiator-ii-edicion-metalica-coleccionista-1-4k-ultra-hd--blu-ray/?parentCategoryId=999.54220013&color=default
Robin Hood (Edición 2025) (4K Ultra HD + Blu-Ray),"21,95 €",UNIVERSAL,30 de abril de 2025,"Inglés, DTS Master Audio
Castellano, Digital Surround",Castellano,2010,EEUU,141 min,No recomendada a menores de 7 años,https://www.elcorteingles.es/cine/A55083307-robin-hood-edicion-2025-4k-ultra-hd--blu-ray/?parentCategoryId=999.54220013&color=default
Herida Abierta BD 2001 Exit Wounds,N/A,DVD STORE,,"Español
Inglés",,2001,EEUU,102,No recomendada a menores de 18 años,https://www.elcorteingles.es/cine/A34973762-herida-abierta-bd-2001-exit-wounds/?parentCategoryId=999.54220013&color=default
Barcelona 1714,"6,19 €",DVD STORE,9 de enero de 2024,Castellano,"Español
Inglés",2019,España,119,No recomendada a menores de 12 años,https://www.elcorteingles.es/cine/A33181666-barcelona-1714/?parentCategoryId=999.54220013&color=default
Invicto BD 2002 Undisputed,"13,69 €",DVD STORE,9 de enero de 2024,"Español
Inglés","Español
Inglés",2002,EEUU,93,No recomendada a menores de 12 años,https://www.elcorteingles.es/cine/A38877081-invicto-bd-2002-undisputed/?parentCategoryId=999.54220013&color=default
Far Cry (Blu-Ray + Dvd),N/A,,7 de diciembre de 2017,Francés,Español,,España,,No recomendada a menores de 18 años,https://www.elcorteingles.es/cine/MP_0008858_8436533825414-far-cry-blu-ray--dvd/?parentCategoryId=999.54220013&color=default
Free Guy - Steelbook,"27,44 €",DVD STORE,9 de enero de 2024,"Castellano
Inglés
Polaco
Checo
Italiano","Italiano
Castellano
Polaco
Inglés
Checo",2020,EEUU,115,No recomendada a menores de 12 años,https://www.elcorteingles.es/cine/A41258740-free-guy-steelbook/?parentCategoryId=999.54220013&color=default
Los Mercenarios (DVD),12 €,"SAVOR EDICIONES, S.A.",2 de noviembre de 2016,Castellano,Castellano,,,72,No recomendada a menores de 13 años,https://www.elcorteingles.es/cine/MP_0000572_cine6609-los-mercenarios-dvd/?parentCategoryId=999.54220013&color=default
El profesional (Léon) (Edición Especial Funda) (4K Ultra HD + Blu-Ray),"25,99 €",DIVISA RED S.A.,10 de diciembre de 2024,"Castellano, DTS HD Master Audio 2
Inglés, Dolby Atmos",Castellano,1994,Francia,133 min,No recomendada a menores de 18 años,https://www.elcorteingles.es/cine/A53553942-el-profesional-leon-edicion-especial-funda-4k-ultra-hd--blu-ray/?parentCategoryId=999.54220013&color=default
Liga de la justicia (4K Ultra HD + Blu-Ray),"19,95 €",Warner,16 de marzo de 2018,"Castellano, Dolby Digital 5,1
Inglés, DTS HD Master Audio 5,1, Dolby TrueHD, Dolby Digital 5,1
Portugués, Dolby Digital 5,1
Francés, Dolby Digital 5,1
Italiano, DTS HD Master Audio 5,1","Castellano
Noruego
Italiano
Polaco
Francés",2017,EEUU,120 min,No recomendada a menores de 7 años,https://www.elcorteingles.es/cine/A24811228-liga-de-la-justicia-4k-ultra-hd--blu-ray/?parentCategoryId=999.54220013&color=default
John Wick 3 Parabellum (4K Ultra HD + Blu-ray),"25,99 €",EONE,13 de diciembre de 2019,"Inglés, DTS-HD 7,1
Castellano, DTS HD Master Audio 5,1",Castellano,2019,EEUU,117 min,No recomendada a menores de 13 años,https://www.elcorteingles.es/cine/A32860524-john-wick-3-parabellum-4k-ultra-hd--blu-ray/?parentCategoryId=999.54220013&color=default
Parque Jurásico; Películas 1-5 (Blu-Ray),"39,99 €",UNIVERSAL,3 de octubre de 2018,"Castellano, DTS HD Master Audio 5,1
,
Catalán, DTS HD Master Audio 5,1
Francés, DTS HD Master Audio 5,1
,
Inglés, DTS HD Master Audio 5,1","Inglés
Castellano
Catalán
Danés
Holandés
Finés
Francés
Griego",2018,EEUU,129 min,No recomendada a menores de 13 años,https://www.elcorteingles.es/cine/A27349460-parque-jurasico-peliculas-1-5-blu-ray/?parentCategoryId=999.54220013&color=default
Noé (Blu-Ray),"12,99 €",DIVISA RED S.A.,14 de abril de 2025,"Castellano, Dolby Digital 5,1
Inglés, DTS-HD 7,1
Alemán, Dolby Digital 5,1
Francés, Dolby Digital 5,1
Italiano, Dolby Digital 5,1
Inglés, Audio Descriptivo","Castellano
Inglés
Alemán
Danés
Finés
Francés
Italiano
Neerlandés
Noruego
Sueco",2014,EEUU,137 min,No recomendada a menores de 12 años,https://www.elcorteingles.es/cine/A54961761-noe-blu-ray/?parentCategoryId=999.54220013&color=default
Templario II: Batalla por la sangre 2014 Ironclad: Battle for Blood,"4,94 €",DVD STORE,9 de enero de 2024,"Inglés
Castellano",Castellano,2014,Reino Unido,108,No recomendada a menores de 18 años,https://www.elcorteingles.es/cine/A16734181-templario-ii-batalla-por-la-sangre-2014-ironclad-battle-for-blood/?parentCategoryId=999.54220013&color=default
Los Últimos Días del Edén BD 1992 The Medicine Man,"13,69 €",DVD STORE,,Español,,1992,EEUU,105,Para todos los públicos,https://www.elcorteingles.es/cine/A30233255-los-ultimos-dias-del-eden-bd-1992-the-medicine-man/?parentCategoryId=999.54220013&color=default
Cristóbal Colón: El Descubrimiento BD 1992 Christopher Columbus: The Discovery,"13,69 €",DVD STORE,9 de enero de 2024,"Castellano
Alemán
Inglés","Portugués
Castellano",1992,Reino Unido,116,No recomendada a menores de 7 años,https://www.elcorteingles.es/cine/A37758303-cristobal-colon-el-descubrimiento-bd-1992-christopher-columbus-the-discovery/?parentCategoryId=999.54220013&color=default
Los Inmortales III. El Hechicero,"13,69 €",DVD STORE,,"Español
Inglés","Español
Alemán
Inglés",1994,Reino Unido,99,No recomendada a menores de 18 años,https://www.elcorteingles.es/cine/A32182035-los-inmortales-iii-el-hechicero/?parentCategoryId=999.54220013&color=default
A Sangre Fría BD 2019 Cold Blood Legacy,"14,94 €",DVD STORE,9 de enero de 2024,"Castellano
Inglés","Castellano
Inglés",2019,Francia,91,No recomendada a menores de 12 años,https://www.elcorteingles.es/cine/A45983960-a-sangre-fria-bd-2019-cold-blood-legacy/?parentCategoryId=999.54220013&color=default
Los Invasores BLU-RAY 1963 The Long Ships,"14,94 €",DVD STORE,9 de enero de 2024,"Castellano
Italiano
Alemán
Francés
Inglés","Francés
Alemán
Italiano
Portugués
Castellano
Inglés",1963,Reino Unido,126,No recomendada a menores de 18 años,https://www.elcorteingles.es/cine/A46616026-los-invasores-blu-ray-1963-the-long-ships/?parentCategoryId=999.54220013&color=default
Lobos del Norte Spawn Of The North,"6,19 €",DVD STORE,9 de enero de 2024,"Castellano
Inglés",Castellano,1938,EEUU,110,No recomendada a menores de 12 años,https://www.elcorteingles.es/cine/A20907883-lobos-del-norte-spawn-of-the-north/?parentCategoryId=999.54220013&color=default
Águila de Acero III BD 1992 Aces: Iron Eagle III,N/A,DVD STORE,9 de enero de 2024,Español,"Español
Alemán
Portugués
Inglés",1992,EEUU,99,No recomendada a menores de 12 años,https://www.elcorteingles.es/cine/A44447634-aguila-de-acero-iii-bd-1992-aces-iron-eagle-iii/?parentCategoryId=999.54220013&color=default
VALKIRIA (DVD),N/A,,1 de mayo de 2016,"Inglés
Inglés
Inglés",Español,,,,No recomendada a menores de 13 años,https://www.elcorteingles.es/cine/MP_0008555_8435153659904-valkiria-dvd/?parentCategoryId=999.54220013&color=default
Deep Rising Deep Rising,"15,70 €",DVD STORE,9 de enero de 2024,"Castellano
Catalán
Inglés","Castellano
Inglés",1998,EEUU,105,No recomendada a menores de 12 años,https://www.elcorteingles.es/cine/A34930561-deep-rising-deep-rising/?parentCategoryId=999.54220013&color=default
Colorado Jim BD 1953 The Naked Spur,N/A,DVD STORE,9 de enero de 2024,"Castellano
Inglés","Alemán
Portugués
Castellano
Inglés",1953,EEUU,91,Para todos los públicos,https://www.elcorteingles.es/cine/A42260076-colorado-jim-bd-1953-the-naked-spur/?parentCategoryId=999.54220013&color=default
Caza Humana BD 2013 Killing Season,"16,53 €",DVD STORE,9 de enero de 2024,"Castellano
Inglés","Castellano
Inglés",2013,Bélgica,91,No recomendada a menores de 12 años,https://www.elcorteingles.es/cine/A45397920-caza-humana-bd-2013-killing-season/?parentCategoryId=999.54220013&color=default
Soldado Silent Trigger,"13,69 €",DVD STORE,9 de enero de 2024,"Castellano
Inglés
Alemán","Castellano
Alemán
Inglés
Español",1996,Canadá,135,No recomendada a menores de 18 años,https://www.elcorteingles.es/cine/A41463526-soldado-silent-trigger/?parentCategoryId=999.54220013&color=default
Ip Man BLU RAY Edición Especial Numerada y Limitada con Funda y 8 Postales 2008,N/A,DVD STORE,9 de enero de 2024,Español,"Español
Portugués
Inglés",2008,Hong-Kong,106,No recomendada a menores de 12 años,https://www.elcorteingles.es/cine/A36884300-ip-man-blu-ray-edicion-especial-numerada-y-limitada-con-funda-y-8-postales-2008/?parentCategoryId=999.54220013&color=default
Blue Jean Cop BD 1988,13 €,DVD STORE,9 de enero de 2024,Español,,1988,EEUU,96,No recomendada a menores de 18 años,https://www.elcorteingles.es/cine/A37926047-blue-jean-cop-bd-1988/?parentCategoryId=999.54220013&color=default
X-Men Fénix Oscura - Steelbook lenticular,"37,44 €",DVD STORE,9 de enero de 2024,"Italiano
Castellano
Alemán
Francés
Chino
Tailandés
Polaco
Castellano
Húngaro","Danés
Holandés
Finlandés
Francés
Alemán
Italiano
Noruego
Sueco
Castellano",2019,EEUU,113,No recomendada a menores de 12 años,https://www.elcorteingles.es/cine/A39479683-x-men-fenix-oscura-steelbook-lenticular/?parentCategoryId=999.54220013&color=default
Vikingos - La saga de las Nuevas Tierras,N/A,DVD STORE,,Castellano,Inglés,2019,Canadá,50,Para todos los públicos,https://www.elcorteingles.es/cine/MP_0000572_45355-vikingos-la-saga-de-las-nuevas-tierras/?parentCategoryId=999.54220013&color=default
BRICK MANSIONS,"11,19 €",DVD STORE,9 de enero de 2024,"Castellano
Catalán","Español
Catalán",2014,Francia,89,No recomendada a menores de 16 años,https://www.elcorteingles.es/cine/A16747046-brick-mansions/?parentCategoryId=999.54220013&color=default
Dick Tracy,N/A,,7 de diciembre de 2017,"Castellano
Castellano",Español,,España,,,https://www.elcorteingles.es/cine/MP_0008858_8436022323711-dick-tracy/?parentCategoryId=999.54220013&color=default
Bd Steelbook El Cascanueces Y Los Cuatro Reinos,N/A,DVD STORE,9 de enero de 2024,Francés,,2018,EEUU,99,No recomendada a menores de 7 años,https://www.elcorteingles.es/cine/A29658046-bd-steelbook-el-cascanueces-y-los-cuatro-reinos/?parentCategoryId=999.54220013&color=default
Juego de ladrones. El atraco perfecto,"7,44 €",DVD STORE,9 de enero de 2024,Castellano,Español,2017,EEUU,140,Para todos los públicos,https://www.elcorteingles.es/cine/A27262998-juego-de-ladrones-el-atraco-perfecto/?parentCategoryId=999.54220013&color=default
Operacion : Soldados De Juguete (Toy Soldiers),N/A,,7 de diciembre de 2017,"Castellano
Castellano",,,España,,No recomendada a menores de 13 años,https://www.elcorteingles.es/cine/A18538965-operacion--soldados-de-juguete-toy-soldiers/?parentCategoryId=999.54220013&color=default
Algodon En Harlem (Blu-Ray) (Bd-R) (Cotton Comes To Harlem),N/A,,7 de diciembre de 2017,"Castellano
Castellano",Español,,España,,Para todos los públicos,https://www.elcorteingles.es/cine/MP_0008858_8436022326491-algodon-en-harlem-blu-ray-bd-r-cotton-comes-to-harlem/?parentCategoryId=999.54220013&color=default
Arrow Temporada 6,"33,40 €",DVD STORE,9 de enero de 2024,"Castellano
Inglés","Español
Danés
Alemán
Noruego
Sueco",2017,EEUU,928,No recomendada a menores de 16 años,https://www.elcorteingles.es/cine/A27815629-arrow-temporada-6/?parentCategoryId=999.54220013&color=default
En El Corazon De La Tierra (Blu-Ray) (At The Earth'S Core),N/A,,6 de abril de 2025,"Castellano
Castellano",Español,,España,,Para todos los públicos,https://www.elcorteingles.es/cine/MP_0008858_8436548868949-en-el-corazon-de-la-tierra-blu-ray-at-the-earths-core/?parentCategoryId=999.54220013&color=default
Deadpool 2 - Steelbook lenticular,N/A,DVD STORE,,"Alemán
Francés
Castellano
Italiano
Japonés
Polaco
Checo","Danés
Holandés
Finlandés
Francés
Alemán
Italiano
Noruego
Castellano
Japonés",2018,EEUU,119,No recomendada a menores de 18 años,https://www.elcorteingles.es/cine/A39479680-deadpool-2-steelbook-lenticular/?parentCategoryId=999.54220013&color=default
Los Intocables - Vol. 2 (The Untouchables),"21,19 €",,7 de diciembre de 2017,"Castellano
Castellano
Castellano
Castellano","Griego
Griego
Griego
Griego
Griego
Griego
Griego
Griego
Griego",,España,,Para todos los públicos,https://www.elcorteingles.es/cine/MP_0008858_8436022323179-los-intocables-vol-2-the-untouchables/?parentCategoryId=999.54220013&color=default
211 Blu Ray 2018,"14,94 €",DVD STORE,9 de enero de 2024,"Castellano
Inglés","Castellano
Inglés",2018,EEUU,86,No recomendada a menores de 16 años,https://www.elcorteingles.es/cine/A43691690-211-blu-ray-2018/?parentCategoryId=999.54220013&color=default
Ciudad en Llamas BD 1979 City on Fire,"15,70 €",DVD STORE,9 de enero de 2024,"Castellano
Inglés",Castellano,1979,Canadá,106,No recomendada a menores de 12 años,https://www.elcorteingles.es/cine/A41270707-ciudad-en-llamas-bd-1979-city-on-fire/?parentCategoryId=999.54220013&color=default
Águila de Acero BLU RAY 1986 Iron Eagle,"13,69 €",DVD STORE,9 de enero de 2024,"Español
Español","Español
Francés
Alemán
Inglés",1986,EEUU,116,No recomendada a menores de 12 años,https://www.elcorteingles.es/cine/A36884299-aguila-de-acero-blu-ray-1986-iron-eagle/?parentCategoryId=999.54220013&color=default
Misión imposible 7: Sentencia mortal (Edición Metálica) (4K Ultra HD + Blu-Ray),"31,99 €",DIVISA RED S.A.,31 de octubre de 2023,",",,1996,EEUU,163,No recomendada a menores de 12 años,https://www.elcorteingles.es/cine/A49168620-mision-imposible-7-sentencia-mortal-edicion-metalica-4k-ultra-hd--blu-ray/?parentCategoryId=999.54220013&color=default
Sonic 3: la película (Blu-Ray),"19,99 €",DIVISA RED S.A.,14 de abril de 2025,"Castellano, DTS-Surround 5,1
Alemán, DTS-Surround 5,1
Checo, DTS-Surround 5,1
Chino, DTS-Surround 5,1
Italiano, DTS-Surround 5,1
Japonés, DTS-Surround 5,1
Polaco, DTS-Surround 5,1
Inglés, Dolby Atmos","Castellano
Inglés
Alemán
Checo
Italiano
Chino
Eslovaco
Japonés
Polaco
Turco",2024,EEUU,110 min,No recomendada a menores de 7 años,https://www.elcorteingles.es/cine/A54961735-sonic-3-la-pelicula-blu-ray/?parentCategoryId=999.54220013&color=default
Los juegos del hambre. Balada de pájaros cantores y serpientes (DVD),"16,95 €",,,,,,,,,https://www.elcorteingles.es/cine/A50750744-los-juegos-del-hambre-balada-de-pajaros-cantores-y-serpientes-dvd/?parentCategoryId=999.54220013&color=default
Pack Trilogía El Señor de los Anillos (Edición Extendida Remasterizada) (Blu-Ray + DVD),"59,95 €",Warner,20 de abril de 2022,"Castellano, DTS HD Master Audio 5,1
Inglés, Dolby TrueHD",Castellano,2001,Nueva Zelanda,725 min,No recomendada a menores de 12 años,https://www.elcorteingles.es/cine/A43086683-pack-trilogia-el-senor-de-los-anillos-edicion-extendida-remasterizada-blu-ray--dvd/?parentCategoryId=999.54220013&color=default
El conde de Montecristo (DVD),N/A,,,,,,,,,https://www.elcorteingles.es/cine/A53276635-el-conde-de-montecristo-dvd/?parentCategoryId=999.54220013&color=default
Mufasa: El rey león (4K Ultra HD + Blu-Ray),"26,99 €",DIVISA RED S.A.,31 de marzo de 2025,"Castellano, DTS-Surround 5,1
Inglés, DTS-HD 7,1
Japonés, Dolby Digital Plus 7,1
Español De América, Dolby Digital Plus 7,1
Inglés, Audio Descriptivo
Japonés, Audio Descriptivo","Castellano
Japonés
Español De América",2024,EEUU,118 min,Para todos los públicos,https://www.elcorteingles.es/cine/A54670018-mufasa-el-rey-leon-4k-ultra-hd--blu-ray/?parentCategoryId=999.54220013&color=default
Indiana Jones: 4-Movie Collection (5 Blu-Ray),"39,99 €",DIVISA RED S. A.,11 de octubre de 2021,"Castellano
Inglés
Francés
Alemán
Japonés
Italiano","Castellano
Inglés
Francés
Alemán
Neerlandés
Japonés
Italiano",1981,EEUU,478 min,No recomendada a menores de 13 años,https://www.elcorteingles.es/cine/A41219239-indiana-jones-4-movie-collection-5-blu-ray/?parentCategoryId=999.54220013&color=default
Pack Los tres mosqueteros 1-2 (Blu-Ray),"25,95 €",DEAPLANETA,29 de mayo de 2024,"Castellano, DTS HD Master Audio 5,1
Francés, DTS HD Master Audio 5,1",Castellano,2023,Francia,225 min,No recomendada a menores de 12 años,https://www.elcorteingles.es/cine/A51465988-pack-los-tres-mosqueteros-1-2-blu-ray/?parentCategoryId=999.54220013&color=default
La selva esmeralda (Blu-Ray),"14,99 €",DIVISA RED S.A.,12 de febrero de 2025,"Castellano, Mono
Inglés, Mono",Castellano,1985,Reino Unido,114 min,Para todos los públicos,https://www.elcorteingles.es/cine/A54318126-la-selva-esmeralda-blu-ray/?parentCategoryId=999.54220013&color=default
Alerta máxima 1-2 (Blu-Ray),"24,95 €",WARNER HBO,30 de abril de 2025,"Inglés, Dolby Digital 5,1
Castellano, Dolby Digital 5,1",Castellano,1992,EEUU,203 min,No recomendada a menores de 18 años,https://www.elcorteingles.es/cine/A55083320-alerta-maxima-1-2-blu-ray/?parentCategoryId=999.54220013&color=default
Pack Harry el sucio 1-5 (Blu-Ray),"39,95 €",Warner,24 de abril de 2024,"Castellano, Dolby Digital 1
Inglés, Dolby TrueHD",Castellano,1971,EEUU,531 min,No recomendada a menores de 18 años,https://www.elcorteingles.es/cine/A51102152-pack-harry-el-sucio-1-5-blu-ray/?parentCategoryId=999.54220013&color=default
Indiana Jones y el dial del destino (Blu-Ray),"18,99 €",DIVISA RED S.A.,5 de diciembre de 2023,"Castellano
Inglés
Catalán",Castellano,2023,EEUU,154 min,No recomendada a menores de 12 años,https://www.elcorteingles.es/cine/A49584910-indiana-jones-y-el-dial-del-destino-blu-ray/?parentCategoryId=999.54220013&color=default
Mad Max: Furia en la carretera (4K Ultra HD + Blu-Ray),"19,95 €",Warner,10 de noviembre de 2020,"Inglés, Dolby TrueHD
Francés, Dolby TrueHD
Castellano, Dolby Digital 5,1
Italiano, Dolby Digital 5,1","Castellano
Danés
Finés
Holandés
Francés
Italiano
Noruego
Sueco
Francés",,EEUU,120 min,No recomendada a menores de 16 años,https://www.elcorteingles.es/cine/A37597434-mad-max-furia-en-la-carretera-4k-ultra-hd--blu-ray/?parentCategoryId=999.54220013&color=default
Misión imposible 6: Fallout (Edición Metálica) (4K Ultra HD + Blu-Ray),"31,99 €",,,,,,,,,https://www.elcorteingles.es/cine/A48309863-mision-imposible-6-fallout-edicion-metalica-4k-ultra-hd--blu-ray/?parentCategoryId=999.54220013&color=default
LOS REYES DEL CRIMEN,"4,94 €",DVD STORE,,"Inglés
Castellano
Español",Español,2019,EEUU,120,No recomendada a menores de 18 años,https://www.elcorteingles.es/cine/A1989360-los-reyes-del-crimen/?parentCategoryId=999.54220013&color=default
Sin Tregua (End Of Watch),N/A,,7 de diciembre de 2017,Castellano,,,España,,No recomendada a menores de 16 años,https://www.elcorteingles.es/cine/MP_0008858_8436540902924-sin-tregua-end-of-watch/?parentCategoryId=999.54220013&color=default
Ip Man Ii Yip Man 2: Chung Si Chuen Kei,N/A,DVD STORE,9 de enero de 2024,"Inglés
Castellano
Chino","Portugués
Castellano
Inglés",2010,Hong-Kong,108,No recomendada a menores de 12 años,https://www.elcorteingles.es/cine/A46616025-ip-man-ii-yip-man-2-chung-si-chuen-kei/?parentCategoryId=999.54220013&color=default
Fuerza de vigilancia (DVD),N/A,RESEARCH ENTERTAINMENT SL,23 de noviembre de 2016,",",,,,83,No recomendada a menores de 18 años,https://www.elcorteingles.es/cine/MP_0000572_cine8038-fuerza-de-vigilancia-dvd/?parentCategoryId=999.54220013&color=default
"Filth, El Sucio (DVD)",N/A,CAMEO MEDIA S.L.,2 de noviembre de 2016,",",,,,92,No recomendada a menores de 13 años,https://www.elcorteingles.es/cine/MP_0000572_cine8044-filth-el-sucio-dvd/?parentCategoryId=999.54220013&color=default
En Tierra Peligrosa BD 1994 On Deadly Ground,N/A,DVD STORE,9 de enero de 2024,"Castellano
Alemán","Español
Alemán
Inglés",1994,EEUU,101,No recomendada a menores de 18 años,https://www.elcorteingles.es/cine/A32182039-en-tierra-peligrosa-bd-1994-on-deadly-ground/?parentCategoryId=999.54220013&color=default
Prueba De Vida BD 2000 Proof of Life,"13,69 €",DVD STORE,9 de enero de 2024,"Italiano
Castellano
Inglés","Castellano
Inglés",2000,EEUU,135,No recomendada a menores de 7 años,https://www.elcorteingles.es/cine/A41463524-prueba-de-vida-bd-2000-proof-of-life/?parentCategoryId=999.54220013&color=default
Unidad de élite,"12,95 €",DVD STORE,,",",Español,2012,Francia,96,No recomendada a menores de 16 años,https://www.elcorteingles.es/cine/A24360587-unidad-de-elite/?parentCategoryId=999.54220013&color=default
Plan De Escape 2 BLU-RAY 2018 Escape Plan 2: Hades,N/A,DVD STORE,9 de enero de 2024,"Inglés
Castellano",Castellano,2018,EEUU,96,No recomendada a menores de 18 años,https://www.elcorteingles.es/cine/A46616024-plan-de-escape-2-blu-ray-2018-escape-plan-2-hades/?parentCategoryId=999.54220013&color=default
Ice Road BD 2021,"14,94 €",DVD STORE,9 de enero de 2024,"Castellano
Inglés","Castellano
Inglés",2021,EEUU,108,No recomendada a menores de 12 años,https://www.elcorteingles.es/cine/A45697521-ice-road-bd-2021/?parentCategoryId=999.54220013&color=default
Belleza Mortal BD 1987 Fatal Beauty,"13,69 €",DVD STORE,9 de enero de 2024,"Castellano
Inglés
Alemán","Alemán
Castellano
Inglés",1987,EEUU,104,No recomendada a menores de 12 años,https://www.elcorteingles.es/cine/A40780057-belleza-mortal-bd-1987-fatal-beauty/?parentCategoryId=999.54220013&color=default
Presa de la Secta BD 1995 The Hunted,N/A,DVD STORE,9 de enero de 2024,"Alemán
Castellano
Inglés","Alemán
Castellano
Inglés",1995,EEUU,110,No recomendada a menores de 18 años,https://www.elcorteingles.es/cine/A39760269-presa-de-la-secta-bd-1995-the-hunted/?parentCategoryId=999.54220013&color=default
En Tierra Peligrosa 2 Fire Down Below,16 €,DVD STORE,,"Español
Inglés","Alemán
Inglés",1997,EEUU,105,No recomendada a menores de 7 años,https://www.elcorteingles.es/cine/A34957386-en-tierra-peligrosa-2-fire-down-below/?parentCategoryId=999.54220013&color=default
Black Dog BD 1998,"15,70 €",DVD STORE,9 de enero de 2024,"Español
Inglés",,1998,EEUU,88,No recomendada a menores de 12 años,https://www.elcorteingles.es/cine/A34957389-black-dog-bd-1998/?parentCategoryId=999.54220013&color=default
"Robin Hood, Príncipe De Los Ladrones BLU-RAY 1991 Robin Hood: Prince of Thieves","16,53 €",DVD STORE,9 de enero de 2024,"Alemán
Francés
Castellano
Inglés
Castellano",Inglés,1991,EEUU,138,Para todos los públicos,https://www.elcorteingles.es/cine/A47752085-robin-hood-principe-de-los-ladrones-blu-ray-1991-robin-hood-prince-of-thieves/?parentCategoryId=999.54220013&color=default
Shopping DVD 1994,"9,94 €",DVD STORE,9 de enero de 2024,"Inglés
Castellano","Castellano
Inglés",1994,EEUU,85,No recomendada a menores de 18 años,https://www.elcorteingles.es/cine/A40219777-shopping-dvd-1994/?parentCategoryId=999.54220013&color=default
Rollerball Rollerball,"13,69 €",DVD STORE,9 de enero de 2024,Español,"Español
Inglés",2002,EEUU,125,No recomendada a menores de 18 años,https://www.elcorteingles.es/cine/A36884302-rollerball-rollerball/?parentCategoryId=999.54220013&color=default
Justa Venganza Wake Of Death,N/A,DVD STORE,,"Inglés
Castellano","Castellano
Inglés",2004,Reino Unido,91,No recomendada a menores de 18 años,https://www.elcorteingles.es/cine/A41590313-justa-venganza-wake-of-death/?parentCategoryId=999.54220013&color=default
El Vuelo del Fénix The Flight Of The Phoenix,"15,70 €",DVD STORE,9 de enero de 2024,Español,"Español
Inglés
Alemán
Portugués",2004,EEUU,143,Para todos los públicos,https://www.elcorteingles.es/cine/A41270708-el-vuelo-del-fenix-the-flight-of-the-phoenix/?parentCategoryId=999.54220013&color=default
Se Busca Vivo o Muerto BD 1987 Wanted: Dead or Alive,"13,69 €",DVD STORE,9 de enero de 2024,"Italiano
Inglés
Castellano","Portugués
Castellano
Inglés",1987,EEUU,106,No recomendada a menores de 18 años,https://www.elcorteingles.es/cine/A40219785-se-busca-vivo-o-muerto-bd-1987-wanted-dead-or-alive/?parentCategoryId=999.54220013&color=default
El Sabor de la Muerte BD 1995 Kiss of Death,N/A,DVD STORE,9 de enero de 2024,Español,"Español
Inglés
Alemán",1995,EEUU,100,No recomendada a menores de 18 años,https://www.elcorteingles.es/cine/A44447647-el-sabor-de-la-muerte-bd-1995-kiss-of-death/?parentCategoryId=999.54220013&color=default
Cazador a Sueldo BD 1980 The Hunter,"14,94 €",DVD STORE,9 de enero de 2024,"Castellano
Italiano
Inglés
Alemán
Francés","Francés
Alemán
Italiano
Castellano
Inglés",1980,EEUU,98,No recomendada a menores de 12 años,https://www.elcorteingles.es/cine/A45038990-cazador-a-sueldo-bd-1980-the-hunter/?parentCategoryId=999.54220013&color=default
Los Dientes Del Diablo BD 1960 The Savage Innocents,"13,69 €",DVD STORE,9 de enero de 2024,Castellano,"Castellano
Inglés",1960,Reino Unido,110,Para todos los públicos,https://www.elcorteingles.es/cine/A31188684-los-dientes-del-diablo-bd-1960-the-savage-innocents/?parentCategoryId=999.54220013&color=default
Ip Man 4 BLU-RAY 2019 Yip Man 4,N/A,DVD STORE,9 de enero de 2024,"Inglés
Castellano
Chino","Portugués
Castellano
Inglés",2019,Hong-Kong,104,No recomendada a menores de 18 años,https://www.elcorteingles.es/cine/A47163336-ip-man-4-blu-ray-2019-yip-man-4/?parentCategoryId=999.54220013&color=default
Infierno en Alcatraz 1987,"9,94 €",DVD STORE,9 de enero de 2024,"Castellano
Inglés",Español,1987,EEUU,96,No recomendada a menores de 16 años,https://www.elcorteingles.es/cine/MP_0000572_35487-infierno-en-alcatraz-1987/?parentCategoryId=999.54220013&color=default
Trío de Ases 1983,"10,90 €",DVD STORE,9 de enero de 2024,"Castellano
Inglés",,1983,EEUU,195,No recomendada a menores de 7 años,https://www.elcorteingles.es/cine/MP_0000572_35450-trio-de-ases-1983/?parentCategoryId=999.54220013&color=default
El Temible Burlón The Crimson Pirate,N/A,DVD STORE,9 de enero de 2024,"Castellano
Italiano
Inglés
Alemán
Francés","Francés
Alemán
Italiano
Portugués
Castellano
Inglés",1952,Reino Unido,104,Para todos los públicos,https://www.elcorteingles.es/cine/A48220578-el-temible-burlon-the-crimson-pirate/?parentCategoryId=999.54220013&color=default
Patrulla De Rescate (Flight From Ashiya),N/A,,7 de diciembre de 2017,"Castellano
Castellano
Castellano",Inglés,,España,,Para todos los públicos,https://www.elcorteingles.es/cine/MP_0008858_8437005055599-patrulla-de-rescate-flight-from-ashiya/?parentCategoryId=999.54220013&color=default
BRICK MANSIONS (DVD),N/A,,22 de marzo de 2018,"Inglés
Inglés
Inglés","Catalán
Catalán",,,,No recomendada a menores de 16 años,https://www.elcorteingles.es/cine/MP_0008555_8436540904980-brick-mansions-dvd/?parentCategoryId=999.54220013&color=default
En el Filo DVD 2020 Na ostrie,N/A,DVD STORE,9 de enero de 2024,"Inglés
Castellano","Castellano
Inglés",2019,Rusia,109,No recomendada a menores de 12 años,https://www.elcorteingles.es/cine/A45983956-en-el-filo-dvd-2020-na-ostrie/?parentCategoryId=999.54220013&color=default
Shaolin. La Leyenda de Los Monjes Guerreros Shaolin,"13,90 €",DVD STORE,9 de enero de 2024,Castellano,Castellano,2011,Hong-Kong,131,No recomendada a menores de 16 años,https://www.elcorteingles.es/cine/A7474533-shaolin-la-leyenda-de-los-monjes-guerreros-shaolin/?parentCategoryId=999.54220013&color=default
MOTIN (DVD),"4,94 €",,15 de marzo de 2018,"Inglés
Inglés","Español
Español",1969,,,No recomendada a menores de 13 años,https://www.elcorteingles.es/cine/MP_0008555_8436548866181-motin-dvd/?parentCategoryId=999.54220013&color=default
Soldado Universal: Regeneración BLU RAY 2009 Universal Soldier: Regeneration,N/A,DVD STORE,9 de enero de 2024,"Español
Inglés","Español
Inglés",2009,EEUU,96,No recomendada a menores de 18 años,https://www.elcorteingles.es/cine/A35857729-soldado-universal-regeneracion-blu-ray-2009-universal-soldier-regeneration/?parentCategoryId=999.54220013&color=default
El Trueno Azul Blue Thunder,"19,94 €",DVD STORE,9 de enero de 2024,Español,,1983,EEUU,495,Para todos los públicos,https://www.elcorteingles.es/cine/A41478931-el-trueno-azul-blue-thunder/?parentCategoryId=999.54220013&color=default
Spy Kids (DVD),N/A,"SAVOR EDICIONES, S.A.",2 de noviembre de 2009,",",,,,,No Disponible,https://www.elcorteingles.es/cine/MP_0000572_cine7792-spy-kids-dvd/?parentCategoryId=999.54220013&color=default
Buscando Justicia BD 1991 Out for Justice,N/A,DVD STORE,,"Español
Inglés","Español
Alemán
Inglés",1991,EEUU,91,No recomendada a menores de 18 años,https://www.elcorteingles.es/cine/A34930542-buscando-justicia-bd-1991-out-for-justice/?parentCategoryId=999.54220013&color=default
Rapid Fire BD 1992,"13,69 €",DVD STORE,9 de enero de 2024,"Español
Alemán
Inglés
Español","Español
Alemán
Inglés",1992,EEUU,95,No recomendada a menores de 12 años,https://www.elcorteingles.es/cine/A37758259-rapid-fire-bd-1992/?parentCategoryId=999.54220013&color=default
Starsky & Hutch: La película (Starsky and Hutch: The Movie),N/A,,7 de diciembre de 2017,Dato no disponible,,,España,,Para todos los públicos,https://www.elcorteingles.es/cine/MP_0008858_8435153736322-starsky-and-hutch-la-pelicula-starsky-and-hutch-the-movie/?parentCategoryId=999.54220013&color=default
Tormenta Blanca BD 1996 White Squall,"15,70 €",DVD STORE,9 de enero de 2024,"Español
Inglés","Español
Portugués
Inglés",1996,EEUU,128,No recomendada a menores de 12 años,https://www.elcorteingles.es/cine/A37217772-tormenta-blanca-bd-1996-white-squall/?parentCategoryId=999.54220013&color=default
Sin escape BD 1993 Nowhere to Run,"13,69 €",DVD STORE,9 de enero de 2024,"Alemán
Español","Español
Alemán
Inglés",1993,EEUU,94,No recomendada a menores de 18 años,https://www.elcorteingles.es/cine/A36230304-sin-escape-bd-1993-nowhere-to-run/?parentCategoryId=999.54220013&color=default
6 Balas BD 2012 6 Bullets,"13,69 €",DVD STORE,9 de enero de 2024,"Castellano
Alemán
Inglés","Alemán
Castellano
Inglés",2012,EEUU,114,No recomendada a menores de 18 años,https://www.elcorteingles.es/cine/A39167884-6-balas-bd-2012-6-bullets/?parentCategoryId=999.54220013&color=default
Volar por los Aires Blown Away,N/A,DVD STORE,9 de enero de 2024,"Italiano
Alemán
Francés
Inglés
Castellano
Español","Francés
Alemán
Italiano
Portugués
Castellano
Inglés",1994,EEUU,120,No recomendada a menores de 18 años,https://www.elcorteingles.es/cine/A48220581-volar-por-los-aires-blown-away/?parentCategoryId=999.54220013&color=default
El Hidalgo de los Mares BD 1951 Captain Horatio Hornblower,"14,94 €",DVD STORE,,"Castellano
Italiano
Inglés
Alemán
Francés","Francés
Alemán
Italiano
Castellano
Inglés",1951,EEUU,117,Para todos los públicos,https://www.elcorteingles.es/cine/A45983962-el-hidalgo-de-los-mares-bd-1951-captain-horatio-hornblower/?parentCategoryId=999.54220013&color=default
El Hombre De Rio (L'Homme De Rio),N/A,,7 de diciembre de 2017,"Castellano
Castellano",Español,,España,,Para todos los públicos,https://www.elcorteingles.es/cine/MP_0008858_8436558190764-el-hombre-de-rio-lhomme-de-rio/?parentCategoryId=999.54220013&color=default
Libertad Para Morir BD 1985 Death Warrant,N/A,DVD STORE,9 de enero de 2024,"Español
Inglés",,1990,EEUU,88,No recomendada a menores de 18 años,https://www.elcorteingles.es/cine/A35395539-libertad-para-morir-bd-1985-death-warrant/?parentCategoryId=999.54220013&color=default
Eliminators BD 2016,"14,94 €",DVD STORE,9 de enero de 2024,"Castellano
Inglés","Castellano
Inglés",2016,Reino Unido,94,No recomendada a menores de 16 años,https://www.elcorteingles.es/cine/A45038988-eliminators-bd-2016/?parentCategoryId=999.54220013&color=default
Ataque Terrorista BD 2009 Command Performance,"14,94 €",DVD STORE,9 de enero de 2024,Castellano,Inglés,2009,Rusia,105,No recomendada a menores de 18 años,https://www.elcorteingles.es/cine/A45697510-ataque-terrorista-bd-2009-command-performance/?parentCategoryId=999.54220013&color=default
Bala Blindada 1987 Man on Fire,N/A,DVD STORE,9 de enero de 2024,"Castellano
Italiano
Alemán
Francés
Inglés","Francés
Italiano
Castellano
Inglés",1987,Francia,98,No recomendada a menores de 16 años,https://www.elcorteingles.es/cine/A47163338-bala-blindada-1987-man-on-fire/?parentCategoryId=999.54220013&color=default
Bailando con Lobos BD + DVD Edición Metálica Limitada+ 8 Postales 1990 Dance With Wolves,26 €,DVD STORE,9 de enero de 2024,Castellano,"Castellano
Inglés",1990,EEUU,180,Para todos los públicos,https://www.elcorteingles.es/cine/A33303083-bailando-con-lobos-bd--dvd-edicion-metalica-limitada-8-postales-1990-dance-with-wolves/?parentCategoryId=999.54220013&color=default
"Robin Hood, el Magnífico BD 1991 Robin Hood","13,69 €",DVD STORE,9 de enero de 2024,"Castellano
Inglés","Castellano
Inglés",1991,EEUU,104,Para todos los públicos,https://www.elcorteingles.es/cine/A38877077-robin-hood-el-magnifico-bd-1991-robin-hood/?parentCategoryId=999.54220013&color=default
Kill Switch BD 2008,N/A,DVD STORE,9 de enero de 2024,"Castellano
Inglés","Castellano
Inglés",2008,EEUU,96,No recomendada a menores de 18 años,https://www.elcorteingles.es/cine/A45038992-kill-switch-bd-2008/?parentCategoryId=999.54220013&color=default
El Pastor de las Colinas BD 1941 The Shepherd of the Hills,"13,69 €",DVD STORE,9 de enero de 2024,"Castellano
Alemán
Inglés","Español
Francés
Portugués
Inglés",1941,EEUU,98,Para todos los públicos,https://www.elcorteingles.es/cine/A39358331-el-pastor-de-las-colinas-bd-1941-the-shepherd-of-the-hills/?parentCategoryId=999.54220013&color=default
Plan De Escape 3 BLU-RAY 2019 Escape Plan: The Extractors,"14,94 €",DVD STORE,9 de enero de 2024,"Inglés
Castellano",Castellano,2019,EEUU,97,No recomendada a menores de 18 años,https://www.elcorteingles.es/cine/A47163337-plan-de-escape-3-blu-ray-2019-escape-plan-the-extractors/?parentCategoryId=999.54220013&color=default
Hombres de Élite BD 2015 Life on the Line,N/A,DVD STORE,9 de enero de 2024,"Castellano
Inglés","Castellano
Inglés",2015,EEUU,97,No recomendada a menores de 12 años,https://www.elcorteingles.es/cine/A45983961-hombres-de-elite-bd-2015-life-on-the-line/?parentCategoryId=999.54220013&color=default
Infierno Blanco BLU-RAY 1953 Island In The Sky,"14,94 €",DVD STORE,,"Castellano
Italiano
Alemán
Francés
Inglés","Francés
Alemán
Italiano
Castellano
Inglés",1953,EEUU,109,Para todos los públicos,https://www.elcorteingles.es/cine/A47163339-infierno-blanco-blu-ray-1953-island-in-the-sky/?parentCategoryId=999.54220013&color=default
El Rector The Principal,"15,70 €",DVD STORE,9 de enero de 2024,"Castellano
Alemán
Francés
Inglés
Italiano","Francés
Alemán
Italiano
Castellano
Inglés",1987,EEUU,110,No recomendada a menores de 18 años,https://www.elcorteingles.es/cine/A39167885-el-rector-the-principal/?parentCategoryId=999.54220013&color=default
En busca y captura (DVD),N/A,CAMEO MEDIA S.L.,2 de noviembre de 2016,Inglés,"Castellano
Portugués",,,92,No recomendada a menores de 18 años,https://www.elcorteingles.es/cine/MP_0000572_cine8134-en-busca-y-captura-dvd/?parentCategoryId=999.54220013&color=default
PERDIDOS EN LA NIEVE (DVD),N/A,,22 de marzo de 2018,"Alemán
Alemán
Alemán
Alemán
Alemán
Alemán",Español,2012,,,No recomendada a menores de 18 años,https://www.elcorteingles.es/cine/MP_0008555_8436540903846-perdidos-en-la-nieve-dvd/?parentCategoryId=999.54220013&color=default
El Halcón Callejero 4 DVDs 1985 Street Hawk,24 €,DVD STORE,9 de enero de 2024,Castellano,,1985,EEUU,646,No recomendada a menores de 12 años,https://www.elcorteingles.es/cine/A37217771-el-halcon-callejero-4-dvds-1985-street-hawk/?parentCategoryId=999.54220013&color=default
The Matador (The Matador),N/A,,28 de diciembre de 2017,"Castellano
Castellano",Español,,España,,No recomendada a menores de 13 años,https://www.elcorteingles.es/cine/MP_0008858_8420172046088-the-matador-the-matador/?parentCategoryId=999.54220013&color=default
Desaparecido en Combate 2 BD 1985 Missing in Action 2: The Beginning,"13,69 €",DVD STORE,,"Español
Inglés","Español
Francés
Italiano
Inglés",1985,EEUU,95,No recomendada a menores de 18 años,https://www.elcorteingles.es/cine/A37926042-desaparecido-en-combate-2-bd-1985-missing-in-action-2-the-beginning/?parentCategoryId=999.54220013&color=default
En Busca del Avión Perdido DVD 1981 Race for the Yankee Zephyr,"9,94 €",DVD STORE,9 de enero de 2024,"Castellano
Inglés
Alemán",Castellano,1981,Australia,105,No recomendada a menores de 12 años,https://www.elcorteingles.es/cine/A41270703-en-busca-del-avion-perdido-dvd-1981-race-for-the-yankee-zephyr/?parentCategoryId=999.54220013&color=default
The Phantom BLU-RAY 1996 The Phantom,"13,69 €",DVD STORE,,"Italiano
Alemán
Francés
Castellano
Portugués
Inglés
Castellano",Inglés,1996,EEUU,100,No recomendada a menores de 7 años,https://www.elcorteingles.es/cine/A47752086-the-phantom-blu-ray-1996-the-phantom/?parentCategoryId=999.54220013&color=default
Los Cañones de San Sebastián La bataille de San Sebastian,"13,69 €",DVD STORE,9 de enero de 2024,"Castellano
Italiano
Inglés
Francés","Castellano
Inglés",1968,Francia,115,No recomendada a menores de 12 años,https://www.elcorteingles.es/cine/A40780051-los-canones-de-san-sebastian-la-bataille-de-san-sebastian/?parentCategoryId=999.54220013&color=default
"Fuga Mortal 2 discos BLU-RAY,DVD DVD de Extras con Funda y 8 Postales 1993 Joshua Tree","21,19 €",DVD STORE,9 de enero de 2024,"Alemán
Francés
Inglés
Castellano","Francés
Alemán
Portugués
Castellano
Inglés",1993,EEUU,102,No recomendada a menores de 18 años,https://www.elcorteingles.es/cine/A46616027-fuga-mortal-2-discos-blu-raydvd-dvd-de-extras-con-funda-y-8-postales-1993-joshua-tree/?parentCategoryId=999.54220013&color=default
Policías corruptos,N/A,DVD STORE,9 de enero de 2024,Inglés,Español,2016,EEUU,120,No recomendada a menores de 12 años,https://www.elcorteingles.es/cine/A24360571-policias-corruptos/?parentCategoryId=999.54220013&color=default
Parada en el Infierno DVD 2016 Stop Over In Hell,"12,44 €",DVD STORE,9 de enero de 2024,"Español
Inglés",,2016,España,91,No recomendada a menores de 18 años,https://www.elcorteingles.es/cine/A25224375-parada-en-el-infierno-dvd-2016-stop-over-in-hell/?parentCategoryId=999.54220013&color=default
"Apunta, Dispara y Corre Running Scared","13,69 €",DVD STORE,9 de enero de 2024,"Castellano
Italiano
Inglés
Alemán
Francés
Castellano","Francés
Alemán
Italiano
Castellano
Inglés",2006,EEUU,107,No recomendada a menores de 12 años,https://www.elcorteingles.es/cine/A41590310-apunta-dispara-y-corre-running-scared/?parentCategoryId=999.54220013&color=default
Gunsmoke - El último Apache,"9,94 €",DVD STORE,,Castellano,Español,1990,EEUU,94,No recomendada a menores de 12 años,https://www.elcorteingles.es/cine/MP_0000572_33152-gunsmoke-el-ultimo-apache/?parentCategoryId=999.54220013&color=default
El Pirata De La Isla Tortuga (L´aventureiro Della Tortuga),N/A,,7 de diciembre de 2017,"Castellano
Castellano",Español,,España,,No recomendada a menores de 18 años,https://www.elcorteingles.es/cine/MP_0008858_8437003111631-el-pirata-de-la-isla-tortuga-laventureiro-della-tortuga/?parentCategoryId=999.54220013&color=default
Gunsmoke - El pistolero de Dodge,"9,94 €",DVD STORE,9 de enero de 2024,Castellano,Español,1953,EEUU,100,No recomendada a menores de 12 años,https://www.elcorteingles.es/cine/MP_0000572_35139-gunsmoke-el-pistolero-de-dodge/?parentCategoryId=999.54220013&color=default
Ambición Maldita The Yellow Mountain,N/A,DVD STORE,9 de enero de 2024,"Castellano
Inglés",Castellano,1954,EEUU,75,No recomendada a menores de 7 años,https://www.elcorteingles.es/cine/A34973758-ambicion-maldita-the-yellow-mountain/?parentCategoryId=999.54220013&color=default
Cartouche BD 1962,"13,69 €",DVD STORE,9 de enero de 2024,"Castellano
Alemán
Francés","Alemán
Italiano
Castellano
Inglés",1962,Francia,116,No recomendada a menores de 12 años,https://www.elcorteingles.es/cine/A41590316-cartouche-bd-1962/?parentCategoryId=999.54220013&color=default
PETER GUNN,"9,94 €",DVD STORE,,"Castellano
Inglés",,1958,EEUU,90,No recomendada a menores de 7 años,https://www.elcorteingles.es/cine/MP_0000572_22046-peter-gunn/?parentCategoryId=999.54220013&color=default
Caza al Sol 1978 Shoot the Sun Down,N/A,DVD STORE,9 de enero de 2024,Castellano,Español,1978,EEUU,100,No recomendada a menores de 12 años,https://www.elcorteingles.es/cine/MP_0000572_33150-caza-al-sol-1978-shoot-the-sun-down/?parentCategoryId=999.54220013&color=default
Wendy BLU-RAY 2020 Wendy,"14,94 €",DVD STORE,9 de enero de 2024,"Inglés
Castellano","Castellano
Inglés",2020,EEUU,111,No recomendada a menores de 12 años,https://www.elcorteingles.es/cine/A46484087-wendy-blu-ray-2020-wendy/?parentCategoryId=999.54220013&color=default
Proyecto Androide (The Questor Tapes),"9,94 €",,7 de diciembre de 2017,"Castellano
Castellano",Español,,España,,Para todos los públicos,https://www.elcorteingles.es/cine/MP_0008858_8436022325289-proyecto-androide-the-questor-tapes/?parentCategoryId=999.54220013&color=default
El poder de las armas,N/A,DVD STORE,9 de enero de 2024,"Español
Inglés",Español,2016,EEUU,85,No recomendada a menores de 12 años,https://www.elcorteingles.es/cine/A27418755-el-poder-de-las-armas/?parentCategoryId=999.54220013&color=default
Raw Force - Invasores de la Tumba de Jade BD 1982,"13,69 €",DVD STORE,9 de enero de 2024,"Español
Inglés",Español,1982,Filipinas,88,No recomendada a menores de 18 años,https://www.elcorteingles.es/cine/A29863194-raw-force-invasores-de-la-tumba-de-jade-bd-1982/?parentCategoryId=999.54220013&color=default
Águila de Acero II BD 1988 Iron Eagle II,"13,69 €",DVD STORE,9 de enero de 2024,Español,"Español
Alemán
Portugués
Inglés",1988,Canadá,99,No recomendada a menores de 12 años,https://www.elcorteingles.es/cine/A44447633-aguila-de-acero-ii-bd-1988-iron-eagle-ii/?parentCategoryId=999.54220013&color=default
"Dragón, Nace la Leyenda BD 2016 Birth of the Dragon",N/A,DVD STORE,9 de enero de 2024,"Castellano
Inglés","Castellano
Inglés",2016,EEUU,95,No recomendada a menores de 12 años,https://www.elcorteingles.es/cine/A45983972-dragon-nace-la-leyenda-bd-2016-birth-of-the-dragon/?parentCategoryId=999.54220013&color=default
ENEMIGOS DEL REY (DVD),"6,19 €",,15 de marzo de 2018,"Inglés
Inglés",Español,1952,,,No recomendada a menores de 7 años,https://www.elcorteingles.es/cine/MP_0008555_8436548860233-enemigos-del-rey-dvd/?parentCategoryId=999.54220013&color=default
El Arte de la Guerra The Art of War,"13,69 €",DVD STORE,9 de enero de 2024,"Español
Inglés","Holandés
Francés
Italiano
Castellano
Inglés",2000,EEUU,116,No recomendada a menores de 18 años,https://www.elcorteingles.es/cine/A34973761-el-arte-de-la-guerra-the-art-of-war/?parentCategoryId=999.54220013&color=default
EL REGRESO DEL HOMBRE DE CIPOL,N/A,DVD STORE,9 de enero de 2024,Castellano,Español,2015,EEUU,96,No recomendada a menores de 12 años,https://www.elcorteingles.es/cine/MP_0000572_24475-el-regreso-del-hombre-de-cipol/?parentCategoryId=999.54220013&color=default
La Diligencia de los Presos 1965 Convict Stage,"9,94 €",DVD STORE,9 de enero de 2024,"Castellano
Inglés",Español,1965,EEUU,71,Para todos los públicos,https://www.elcorteingles.es/cine/A8886799-la-diligencia-de-los-presos-1965-convict-stage/?parentCategoryId=999.54220013&color=default
ABIERTO HASTA AMANECER 2 (DVD),N/A,,15 de marzo de 2018,",",,1999,,,No recomendada a menores de 18 años,https://www.elcorteingles.es/cine/MP_0008555_8435153737480-abierto-hasta-amanecer-2-dvd/?parentCategoryId=999.54220013&color=default
La Ruta del Caribú 1949,N/A,DVD STORE,9 de enero de 2024,"Castellano
Inglés","Español
Portugués",1949,EEUU,81,Para todos los públicos,https://www.elcorteingles.es/cine/MP_0000572_34697-la-ruta-del-caribu-1949/?parentCategoryId=999.54220013&color=default
Amenazados (DVD),N/A,Vértice Cine,17 de febrero de 2017,",",,,,,No Disponible,https://www.elcorteingles.es/cine/MP_0000572_cine6810-amenazados-dvd/?parentCategoryId=999.54220013&color=default
Los Zero Boys The Zero Boys,"14,94 €",DVD STORE,,"Castellano
Inglés
Francés","Portugués
Castellano
Inglés",1986,EEUU,89,No recomendada a menores de 12 años,https://www.elcorteingles.es/cine/A46484088-los-zero-boys-the-zero-boys/?parentCategoryId=999.54220013&color=default
Rounders,N/A,,7 de diciembre de 2017,"Castellano
Castellano",Español,,España,,No recomendada a menores de 18 años,https://www.elcorteingles.es/cine/MP_0008858_8435153736179-rounders/?parentCategoryId=999.54220013&color=default
El Último Superviviente DVD 1962 No Man Is an Island,"9,94 €",DVD STORE,9 de enero de 2024,"Español
Inglés",,1962,EEUU,114,Para todos los públicos,https://www.elcorteingles.es/cine/A31188670-el-ultimo-superviviente-dvd-1962-no-man-is-an-island/?parentCategoryId=999.54220013&color=default
Double Team BD 1997,15 €,DVD STORE,9 de enero de 2024,"Español
Inglés",,1997,EEUU,92,No recomendada a menores de 18 años,https://www.elcorteingles.es/cine/A31630860-double-team-bd-1997/?parentCategoryId=999.54220013&color=default
El Africano DVD 1983 L'africain,N/A,DVD STORE,9 de enero de 2024,Español,Español,1983,Francia,96,No recomendada a menores de 12 años,https://www.elcorteingles.es/cine/A32182014-el-africano-dvd-1983-lafricain/?parentCategoryId=999.54220013&color=default
MISION TEMERARIA,13 €,DVD STORE,9 de enero de 2024,Castellano,"Español
Portugués",1949,EEUU,90,Para todos los públicos,https://www.elcorteingles.es/cine/MP_0000572_29691-mision-temeraria/?parentCategoryId=999.54220013&color=default
Muerte Accidental 1988,"9,94 €",DVD STORE,9 de enero de 2024,"Castellano
Italiano
Inglés","Español
Portugués",1988,España,87,Para todos los públicos,https://www.elcorteingles.es/cine/MP_0000572_32352-muerte-accidental-1988/?parentCategoryId=999.54220013&color=default
Los Centinelas 1986 Dangerously Close,N/A,DVD STORE,9 de enero de 2024,Castellano,"Español
Portugués",1986,EEUU,91,No recomendada a menores de 18 años,https://www.elcorteingles.es/cine/MP_0000572_33794-los-centinelas-1986-dangerously-close/?parentCategoryId=999.54220013&color=default
El Tren del Infierno BD 1985 Runaway Train,"13,69 €",DVD STORE,9 de enero de 2024,"Castellano
Francés
Alemán",Español,1985,EEUU,110,No recomendada a menores de 18 años,https://www.elcorteingles.es/cine/A31630857-el-tren-del-infierno-bd-1985-runaway-train/?parentCategoryId=999.54220013&color=default
El Pirata de BlackHawk - El Gavilan negro (1958),N/A,,7 de diciembre de 2017,"Alemán
Alemán
Alemán
Alemán
Alemán
Alemán","Alemán
Alemán
Alemán
Alemán
Alemán
Alemán
Alemán
Alemán
Alemán",,España,,No recomendada a menores de 18 años,https://www.elcorteingles.es/cine/MP_0008858_8437003111709-el-pirata-de-blackhawk-el-gavilan-negro-1958/?parentCategoryId=999.54220013&color=default
Las Minas del Rey Salomón King Solomon'S Mines,N/A,DVD STORE,9 de enero de 2024,"Alemán
Italiano
Francés
Castellano
Inglés","Alemán
Portugués
Castellano
Inglés",1985,EEUU,102,Para todos los públicos,https://www.elcorteingles.es/cine/A48475678-las-minas-del-rey-salomon-king-solomons-mines/?parentCategoryId=999.54220013&color=default
Campeón de Campeones Best Of The Best,"13,69 €",DVD STORE,9 de enero de 2024,"Español
Inglés","Español
Portugués
Inglés",1989,EEUU,97,No recomendada a menores de 12 años,https://www.elcorteingles.es/cine/A23809099-campeon-de-campeones-best-of-the-best/?parentCategoryId=999.54220013&color=default
As De Ases BD 1982 L'as Des As,"13,69 €",DVD STORE,9 de enero de 2024,"Castellano
Francés","Francés
Alemán
Castellano
Inglés",1982,Francia,103,Para todos los públicos,https://www.elcorteingles.es/cine/A41590315-as-de-ases-bd-1982-las-des-as/?parentCategoryId=999.54220013&color=default
Soldado de Fortuna Legionnaire,N/A,DVD STORE,9 de enero de 2024,Español,"Español
Inglés",1998,EEUU,99,No recomendada a menores de 12 años,https://www.elcorteingles.es/cine/A42260074-soldado-de-fortuna-legionnaire/?parentCategoryId=999.54220013&color=default
"Una Cuerda, Un Colt BD 1969 Une corde, un Colt...","13,69 €",DVD STORE,9 de enero de 2024,"Español
Italiano","Español
Portugués
Inglés",1969,Francia,90,Para todos los públicos,https://www.elcorteingles.es/cine/MP_0000572_21747-una-cuerda-un-colt-bd-1969-une-corde-un-colt/?parentCategoryId=999.54220013&color=default
Vanguard BD 2020,"14,94 €",DVD STORE,9 de enero de 2024,"Castellano
Chino","Castellano
Inglés",2020,China,107,No recomendada a menores de 12 años,https://www.elcorteingles.es/cine/A45038987-vanguard-bd-2020/?parentCategoryId=999.54220013&color=default
Canadian Pacific 1949,N/A,DVD STORE,9 de enero de 2024,Castellano,Español,1949,EEUU,95,Para todos los públicos,https://www.elcorteingles.es/cine/MP_0000572_34695-canadian-pacific-1949/?parentCategoryId=999.54220013&color=default
El Aviador BD 1985,"13,69 €",DVD STORE,9 de enero de 2024,Español,"Español
Portugués
Inglés",1985,EEUU,96,Para todos los públicos,https://www.elcorteingles.es/cine/A37217774-el-aviador-bd-1985/?parentCategoryId=999.54220013&color=default
Glimmer Man BD 1996,"13,69 €",DVD STORE,9 de enero de 2024,"Español
Inglés","Español
Alemán
Inglés",1996,EEUU,91,No recomendada a menores de 18 años,https://www.elcorteingles.es/cine/A34930546-glimmer-man-bd-1996/?parentCategoryId=999.54220013&color=default
En el Viejo California 1942,N/A,DVD STORE,9 de enero de 2024,Castellano,"Español
Portugués
Inglés",1942,EEUU,82,Para todos los públicos,https://www.elcorteingles.es/cine/MP_0000572_34703-en-el-viejo-california-1942/?parentCategoryId=999.54220013&color=default
En Las Rayas De La Mano BLU-RAY 1947 Golden Earrings,"14,94 €",DVD STORE,9 de enero de 2024,"Italiano
Inglés",Inglés,1947,EEUU,95,Para todos los públicos,https://www.elcorteingles.es/cine/A47752087-en-las-rayas-de-la-mano-blu-ray-1947-golden-earrings/?parentCategoryId=999.54220013&color=default
AL SUR DE SAN LUIS BD-R,"9,94 €",DVD STORE,9 de enero de 2024,"Inglés
Castellano","Portugués
Castellano",1949,EEUU,88,No recomendada a menores de 12 años,https://www.elcorteingles.es/cine/A14064336-al-sur-de-san-luis-bd-r/?parentCategoryId=999.54220013&color=default
Diligencia a Tucson 1950,N/A,DVD STORE,9 de enero de 2024,"Castellano
Inglés",Castellano,1950,EEUU,81,No recomendada a menores de 12 años,https://www.elcorteingles.es/cine/MP_0000572_35461-diligencia-a-tucson-1950/?parentCategoryId=999.54220013&color=default
LOS MISTERIOS DE PITTSBURGH (DVD),N/A,,1 de mayo de 2016,",",,,,,No recomendada a menores de 16 años,https://www.elcorteingles.es/cine/MP_0008555_8420172058265-los-misterios-de-pittsburgh-dvd/?parentCategoryId=999.54220013&color=default
Red Sky (DVD),N/A,CAMEO MEDIA S.L.,2 de noviembre de 2016,Inglés,"Castellano
Portugués",,,95,No recomendada a menores de 13 años,https://www.elcorteingles.es/cine/MP_0000572_cine8135-red-sky-dvd/?parentCategoryId=999.54220013&color=default
Batallon De Construccion (Blu-Ray) (The Fighting Seabees),N/A,,7 de diciembre de 2017,"Castellano
Castellano",Español,,España,,No recomendada a menores de 13 años,https://www.elcorteingles.es/cine/MP_0008858_8436548860240-batallon-de-construccion-blu-ray-the-fighting-seabees/?parentCategoryId=999.54220013&color=default
Mortal Kombat - Steelbook 4k UHD + Blu-ray,"37,44 €",DVD STORE,9 de enero de 2024,"Alemán
Castellano
Polaco
Checo
Tamil
Inglés
Hindi
Telgu
Alemán","Danés
Noruego
Sueco
Griego
Castellano
Polaco
Checo
Húngaro
Rumano",2021,EEUU,110,No recomendada a menores de 18 años,https://www.elcorteingles.es/cine/A39963847-mortal-kombat-steelbook-4k-uhd--blu-ray/?parentCategoryId=999.54220013&color=default
Grizzly Adams: La Leyenda de la Montaña Negra 1999,"11,90 €",DVD STORE,,Castellano,Español,1999,EEUU,98,Para todos los públicos,https://www.elcorteingles.es/cine/MP_0000572_34048-grizzly-adams-la-leyenda-de-la-montana-negra-1999/?parentCategoryId=999.54220013&color=default
HOMICIDIO VOLUMEN 2,N/A,DVD STORE,9 de enero de 2024,Castellano,,2004,EEUU,720,No recomendada a menores de 7 años,https://www.elcorteingles.es/cine/MP_0000572_20778-homicidio-volumen-2/?parentCategoryId=999.54220013&color=default
El Guateque (Blu-Ray) (The Party),N/A,,13 de abril de 2018,"Castellano
Castellano",Español,,España,,Para todos los públicos,https://www.elcorteingles.es/cine/MP_0008858_8436548869892-el-guateque-blu-ray-the-party/?parentCategoryId=999.54220013&color=default
El Príncipe de los Zorros BDr 1949 Prince of Foxes,"13,69 €",DVD STORE,9 de enero de 2024,Español,Español,1949,EEUU,107,No recomendada a menores de 12 años,https://www.elcorteingles.es/cine/A40437115-el-principe-de-los-zorros-bdr-1949-prince-of-foxes/?parentCategoryId=999.54220013&color=default
Los Siete Magnificos Del Espacio (Battle Beyond The Stars),N/A,,7 de diciembre de 2017,Castellano,"Español
Español
Español",,España,,Para todos los públicos,https://www.elcorteingles.es/cine/A47541692-los-siete-magnificos-del-espacio-battle-beyond-the-stars/?parentCategoryId=999.54220013&color=default
MEA CULPA (DVD),N/A,,1 de mayo de 2016,"Catalán
Catalán
Catalán",Español,,,,No recomendada a menores de 13 años,https://www.elcorteingles.es/cine/A16733985-mea-culpa-dvd/?parentCategoryId=999.54220013&color=default
Justicia Salvaje BD 1984 The Evil That Men Do,"13,69 €",DVD STORE,,"Inglés
Alemán
Castellano",Castellano,1984,México,90,No recomendada a menores de 18 años,https://www.elcorteingles.es/cine/A39760270-justicia-salvaje-bd-1984-the-evil-that-men-do/?parentCategoryId=999.54220013&color=default
El Guardian De Acero BLU-RAY 2020 Geom-gaek,N/A,DVD STORE,9 de enero de 2024,"Inglés
Castellano
Coreano","Castellano
Inglés",2019,,100,No recomendada a menores de 12 años,https://www.elcorteingles.es/cine/A46484086-el-guardian-de-acero-blu-ray-2020-geom-gaek/?parentCategoryId=999.54220013&color=default
África Bajo el Mar DVD 1953 Africa sotto i mari,"9,94 €",DVD STORE,9 de enero de 2024,"Español
Italiano",Español,1953,Italia,90,No recomendada a menores de 7 años,https://www.elcorteingles.es/cine/A29863159-africa-bajo-el-mar-dvd-1953-africa-sotto-i-mari/?parentCategoryId=999.54220013&color=default
Requiescant: Descanse en paz,"13,69 €",DVD STORE,9 de enero de 2024,Castellano,"Español
Inglés
Portugués",1967,Italia,107,No recomendada a menores de 7 años,https://www.elcorteingles.es/cine/A18208033-requiescant-descanse-en-paz/?parentCategoryId=999.54220013&color=default
Al Infierno la Policía 1988,N/A,DVD STORE,9 de enero de 2024,"Castellano
Italiano
Inglés","Español
Portugués",1988,España,87,Para todos los públicos,https://www.elcorteingles.es/cine/MP_0000572_32342-al-infierno-la-policia-1988/?parentCategoryId=999.54220013&color=default
Evasión o Victoria Victory,"15,70 €",DVD STORE,9 de enero de 2024,Español,"Español
Alemán
Portugués
Inglés",1981,EEUU,116,Para todos los públicos,https://www.elcorteingles.es/cine/A29863202-evasion-o-victoria-victory/?parentCategoryId=999.54220013&color=default
Amor a Quemarropa BD edición especial con Funda + Postales + Tatoo,"16,19 €",DVD STORE,,"Castellano
Castellano
Inglés","Portugués
Castellano
Inglés",1993,EEUU,120,No recomendada a menores de 18 años,https://www.elcorteingles.es/cine/A41270715-amor-a-quemarropa-bd-edicion-especial-con-funda--postales--tatoo/?parentCategoryId=999.54220013&color=default
El Terror Del Mas Alla (Blu-Ray) (It! The Terror From Beyond Space),N/A,,7 de diciembre de 2017,"Castellano
Castellano",Castellano,,España,,Para todos los públicos,https://www.elcorteingles.es/cine/MP_0008858_8436558191488-el-terror-del-mas-alla-blu-ray-it-the-terror-from-beyond-space/?parentCategoryId=999.54220013&color=default
Dune,N/A,,19 de abril de 2018,"Castellano
Castellano","Español
Español",,España,,No recomendada a menores de 13 años,https://www.elcorteingles.es/cine/A16735285-dune/?parentCategoryId=999.54220013&color=default
RABIA ASESINA (DVD),N/A,,22 de marzo de 2018,Español,Español,2010,,,No recomendada a menores de 18 años,https://www.elcorteingles.es/cine/MP_0008555_8437008490625-rabia-asesina-dvd/?parentCategoryId=999.54220013&color=default
El Guerrero Americano 3 1989 BDr American Ninja 3: Blood Huntaka,17 €,DVD STORE,9 de enero de 2024,Español,"Español
Portugués",1989,EEUU,90,No recomendada a menores de 13 años,https://www.elcorteingles.es/cine/A42260073-el-guerrero-americano-3-1989-bdr-american-ninja-3-blood-huntaka/?parentCategoryId=999.54220013&color=default
Volcano,"14,94 €",DVD STORE,,"Inglés
Italiano
Alemán
Francés
Castellano
Catalán
Español","Francés
Alemán
Italiano
Portugués
Castellano
Inglés
Castellano",1997,EEUU,104,No recomendada a menores de 12 años,https://www.elcorteingles.es/cine/A45397911-volcano/?parentCategoryId=999.54220013&color=default
Street Fighter: Assassin's Fit (DVD),N/A,"TEMA DISTRIBUCIONES DISCOGRAFICAS, S.L.",26 de mayo de 2017,",",,,,98,No Disponible,https://www.elcorteingles.es/cine/MP_0000572_cine8073-street-fighter-assassins-fit-dvd/?parentCategoryId=999.54220013&color=default
Vuelo A Tánger Flight To Tangier,N/A,DVD STORE,9 de enero de 2024,"Castellano
Inglés",Español,1953,EEUU,90,No recomendada a menores de 12 años,https://www.elcorteingles.es/cine/A23312050-vuelo-a-tanger-flight-to-tangier/?parentCategoryId=999.54220013&color=default
Re-Animator 2 Metamorphosis,"11,19 €",DVD STORE,9 de enero de 2024,"Castellano
Inglés
Italiano","Francés
Castellano
Inglés",1990,Italia,95,No recomendada a menores de 12 años,https://www.elcorteingles.es/cine/A39167873-re-animator-2-metamorphosis/?parentCategoryId=999.54220013&color=default
LA MUJER DE FUEGO,"11,19 €",DVD STORE,9 de enero de 2024,"Español
Inglés","Español
Portugués",1983,EEUU,90,No recomendada a menores de 12 años,https://www.elcorteingles.es/cine/MP_0000572_14845-la-mujer-de-fuego/?parentCategoryId=999.54220013&color=default
Los centinelas (Blu-Ray),N/A,Llamentol,23 de noviembre de 2016,",",,,,96,Para todos los públicos,https://www.elcorteingles.es/cine/MP_0000572_cine36435-los-centinelas-blu-ray/?parentCategoryId=999.54220013&color=default
Señalado por la Muerte BD 1990 Marked for Death,"13,50 €",DVD STORE,,"Español
Inglés","Español
Francés
Alemán
Inglés",1990,EEUU,96,No recomendada a menores de 18 años,https://www.elcorteingles.es/cine/A35857726-senalado-por-la-muerte-bd-1990-marked-for-death/?parentCategoryId=999.54220013&color=default
Jim West 1965: Temporada 4 Volumen 1,"19,90 €",DVD STORE,9 de enero de 2024,"Inglés
Español",,1968,EEUU,600,Para todos los públicos,https://www.elcorteingles.es/cine/A28899605-jim-west-1965-temporada-4-volumen-1/?parentCategoryId=999.54220013&color=default
El Último Guerrero 1995,N/A,DVD STORE,9 de enero de 2024,"Castellano
Inglés",Castellano,1995,EEUU,92,No recomendada a menores de 7 años,https://www.elcorteingles.es/cine/MP_0000572_32740-el-ultimo-guerrero-1995/?parentCategoryId=999.54220013&color=default
Presidio Prison,13 €,DVD STORE,9 de enero de 2024,Castellano,"Español
Portugués",1988,EEUU,108,No recomendada a menores de 18 años,https://www.elcorteingles.es/cine/MP_0000572_29459-presidio-prison/?parentCategoryId=999.54220013&color=default
Ser o No Ser DVD 1942 To Be or Not to Be,"9,94 €",DVD STORE,9 de enero de 2024,"Español
Inglés","Español
Portugués",1942,EEUU,93,Para todos los públicos,https://www.elcorteingles.es/cine/A31630835-ser-o-no-ser-dvd-1942-to-be-or-not-to-be/?parentCategoryId=999.54220013&color=default
EL PROFESIONAL,N/A,DVD STORE,9 de enero de 2024,"Español
Inglés","Español
Francés
Portugués
Inglés",1981,Francia,108,No recomendada a menores de 16 años,https://www.elcorteingles.es/cine/A41463544-el-profesional/?parentCategoryId=999.54220013&color=default
El Retorno del Bandolero 1948 Return of the Bad Men,"9,94 €",DVD STORE,9 de enero de 2024,"Castellano
Inglés",Castellano,1948,EEUU,90,Para todos los públicos,https://www.elcorteingles.es/cine/A7983214-el-retorno-del-bandolero-1948-return-of-the-bad-men/?parentCategoryId=999.54220013&color=default
Avalancha 1978,"13,69 €",DVD STORE,9 de enero de 2024,Castellano,"Español
Portugués",1978,EEUU,91,No recomendada a menores de 13 años,https://www.elcorteingles.es/cine/MP_0000572_34183-avalancha-1978/?parentCategoryId=999.54220013&color=default
Policia contra la droga,N/A,DVD STORE,9 de enero de 2024,"Castellano
Italiano
Inglés","Español
Portugués",1988,España,90,Para todos los públicos,https://www.elcorteingles.es/cine/MP_0000572_32569-policia-contra-la-droga/?parentCategoryId=999.54220013&color=default
MR 73 (DVD),N/A,,22 de marzo de 2018,"Catalán
Catalán
Catalán",Español,,,,No recomendada a menores de 18 años,https://www.elcorteingles.es/cine/MP_0008555_8437007798548-mr-73-dvd/?parentCategoryId=999.54220013&color=default
Viejos muchachos,"9,94 €",DVD STORE,9 de enero de 2024,Dato no disponible,Español,2017,Francia,130,No recomendada a menores de 12 años,https://www.elcorteingles.es/cine/MP_0000572_35994-viejos-muchachos/?parentCategoryId=999.54220013&color=default
Rare Exports : Un Cuento Gamberro De Navidad,N/A,,7 de diciembre de 2017,Rumano,Español,,España,,Para todos los públicos,https://www.elcorteingles.es/cine/MP_0008858_8435153725029-rare-exports--un-cuento-gamberro-de-navidad/?parentCategoryId=999.54220013&color=default
Tierra Generosa (Canyon Passage),N/A,,7 de diciembre de 2017,Inglés,"Español
Español",,España,,Para todos los públicos,https://www.elcorteingles.es/cine/MP_0008858_8436558191273-tierra-generosa-canyon-passage/?parentCategoryId=999.54220013&color=default
La montaña siniestra The Mountain,"16,53 €",DVD STORE,9 de enero de 2024,",",,2018,EEUU,105,Para todos los públicos,https://www.elcorteingles.es/cine/A44447635-la-montana-siniestra-the-mountain/?parentCategoryId=999.54220013&color=default
ZOMBIS NAZIS 2 (DVD),N/A,,22 de marzo de 2018,"Alemán
Alemán
Alemán
Alemán",Español,,,,No recomendada a menores de 18 años,https://www.elcorteingles.es/cine/MP_0008555_8436540906441-zombis-nazis-2-dvd/?parentCategoryId=999.54220013&color=default
Operación Soldados de Juguete BDr 1991 Toy Soldiers,"12,44 €",DVD STORE,9 de enero de 2024,"Español
Inglés","Español
Portugués",1991,EEUU,112,No recomendada a menores de 12 años,https://www.elcorteingles.es/cine/A18538986-operacion-soldados-de-juguete-bdr-1991-toy-soldiers/?parentCategoryId=999.54220013&color=default
Gwendoline Gwendoline,"9,94 €",DVD STORE,9 de enero de 2024,",",,1984,Francia,105,No recomendada a menores de 18 años,https://www.elcorteingles.es/cine/A42043268-gwendoline-gwendoline/?parentCategoryId=999.54220013&color=default
SALVAJE Y LIBRE,N/A,DVD STORE,9 de enero de 2024,"Castellano
Inglés",Español,2018,Reino Unido,100,No recomendada a menores de 7 años,https://www.elcorteingles.es/cine/MP_0000572_28290-salvaje-y-libre/?parentCategoryId=999.54220013&color=default
Nunca Es Pronto Para Morir BD 1986 Never Too Young to Die,"13,69 €",DVD STORE,,"Castellano
Inglés",Castellano,1986,EEUU,96,No recomendada a menores de 12 años,https://www.elcorteingles.es/cine/A41590311-nunca-es-pronto-para-morir-bd-1986-never-too-young-to-die/?parentCategoryId=999.54220013&color=default
La Ruta del Opio 1972 Afyon oppio,4 €,DVD STORE,9 de enero de 2024,"Castellano
Inglés","Español
Portugués",1972,Italia,100,No recomendada a menores de 18 años,https://www.elcorteingles.es/cine/MP_0000572_22025-la-ruta-del-opio-1972-afyon-oppio/?parentCategoryId=999.54220013&color=default
Simbad Y El Ojo Del Tigre,N/A,DVD STORE,9 de enero de 2024,"Inglés
Francés","Español
Portugués
Inglés",1977,Reino Unido,113,Para todos los públicos,https://www.elcorteingles.es/cine/A40219786-simbad-y-el-ojo-del-tigre/?parentCategoryId=999.54220013&color=default
SHINOBI (DVD),N/A,,22 de marzo de 2018,"Catalán
Catalán
Catalán",Español,,,,No recomendada a menores de 18 años,https://www.elcorteingles.es/cine/A16745523-shinobi-dvd/?parentCategoryId=999.54220013&color=default
El Baron Rojo (Blu-Ray) (Bd-R) (Von Richthofen And Brown),N/A,,7 de diciembre de 2017,"Castellano
Castellano",Inglés,,España,,Para todos los públicos,https://www.elcorteingles.es/cine/MP_0008858_8436548862152-el-baron-rojo-blu-ray-bd-r-von-richthofen-and-brown/?parentCategoryId=999.54220013&color=default
CORAZA NEGRA,N/A,DVD STORE,9 de enero de 2024,Español,"Español
Portugués",1954,EEUU,99,Para todos los públicos,https://www.elcorteingles.es/cine/MP_0000572_1569-coraza-negra/?parentCategoryId=999.54220013&color=default
NON-STOP (SIN ESCALAS) (DVD),N/A,,15 de marzo de 2018,"Inglés
Inglés
Inglés","Catalán
Catalán",,,,No recomendada a menores de 13 años,https://www.elcorteingles.es/cine/MP_0008555_8422632056606-non-stop-sin-escalas-dvd/?parentCategoryId=999.54220013&color=default
La carrera de la muerte del año 2000 (Blu-Ray),N/A,JRB Producción,6 de abril de 2025,Inglés,Castellano,,,93,Para todos los públicos,https://www.elcorteingles.es/cine/A12946476-la-carrera-de-la-muerte-del-ano-2000-blu-ray/?parentCategoryId=999.54220013&color=default
El Guerrero Americano BD 1985 American Ninja,N/A,DVD STORE,9 de enero de 2024,"Inglés
Castellano","Portugués
Castellano",1985,EEUU,95,Para todos los públicos,https://www.elcorteingles.es/cine/A47163341-el-guerrero-americano-bd-1985-american-ninja/?parentCategoryId=999.54220013&color=default
LA TORRE DEL INFIERNO (DVD),N/A,,22 de marzo de 2018,"Cantonés
Cantonés",Español,2013,,,Para todos los públicos,https://www.elcorteingles.es/cine/A12892119-la-torre-del-infierno-dvd/?parentCategoryId=999.54220013&color=default
UN CEREBRO DE UN BILLON DE DOLARES,"13,69 €",DVD STORE,9 de enero de 2024,"Español
Inglés","Español
Portugués",1967,Reino Unido,111,No recomendada a menores de 12 años,https://www.elcorteingles.es/cine/MP_0000572_11331-un-cerebro-de-un-billon-de-dolares/?parentCategoryId=999.54220013&color=default
Bloodrayne 2 : Deliverance (Blu-Ray + Dvd) (Bloodrayne II: Deliverance),N/A,,7 de diciembre de 2017,"Castellano
Castellano",Español,,España,,No recomendada a menores de 18 años,https://www.elcorteingles.es/cine/MP_0008858_8436533825421-bloodrayne-2--deliverance-blu-ray--dvd-bloodrayne-ii-deliverance/?parentCategoryId=999.54220013&color=default
El Campeón del Videojuego BD 1989 The Wizard,"13,69 €",DVD STORE,9 de enero de 2024,Español,Español,1989,EEUU,99,No recomendada a menores de 12 años,https://www.elcorteingles.es/cine/A31188686-el-campeon-del-videojuego-bd-1989-the-wizard/?parentCategoryId=999.54220013&color=default
La fuerza de la venganza Avenging Force,"14,94 €",DVD STORE,9 de enero de 2024,",",,1986,EEUU,104,No recomendada a menores de 18 años,https://www.elcorteingles.es/cine/A44447636-la-fuerza-de-la-venganza-avenging-force/?parentCategoryId=999.54220013&color=default
Último Tren A Katanga BD 1968 The Mercenaries,N/A,DVD STORE,,"Inglés
Español","Español
Inglés",1968,Reino Unido,100,No recomendada a menores de 7 años,https://www.elcorteingles.es/cine/A30894074-ultimo-tren-a-katanga-bd-1968-the-mercenaries/?parentCategoryId=999.54220013&color=default
El Burlador de Castilla BD 1948 Adventures of Don Juan,"14,94 €",DVD STORE,9 de enero de 2024,"Castellano
Italiano
Inglés
Alemán
Francés","Francés
Italiano
Portugués
Castellano
Inglés",1948,EEUU,110,No recomendada a menores de 12 años,https://www.elcorteingles.es/cine/A45397910-el-burlador-de-castilla-bd-1948-adventures-of-don-juan/?parentCategoryId=999.54220013&color=default
El Cuentacuentos: Mitos Griegos DVD 1990 The Storyteller: Greek Myths,"9,94 €",DVD STORE,9 de enero de 2024,"Castellano
Alemán
Francés
Inglés","Francés
Alemán
Portugués
Castellano
Inglés",1990,Reino Unido,96,Para todos los públicos,https://www.elcorteingles.es/cine/A41270706-el-cuentacuentos-mitos-griegos-dvd-1990-the-storyteller-greek-myths/?parentCategoryId=999.54220013&color=default
La Ruta del Caribú 1949,N/A,DVD STORE,9 de enero de 2024,"Castellano
Inglés","Español
Portugués",1949,EEUU,78,Para todos los públicos,https://www.elcorteingles.es/cine/MP_0000572_34698-la-ruta-del-caribu-1949/?parentCategoryId=999.54220013&color=default
Pajaros De Fuego (Fire Birds),N/A,,7 de diciembre de 2017,Dato no disponible,,,España,,Para todos los públicos,https://www.elcorteingles.es/cine/MP_0008858_8436558191655-pajaros-de-fuego-fire-birds/?parentCategoryId=999.54220013&color=default
Desafío a la Muerte BD 2007 Until Death,"13,69 €",DVD STORE,9 de enero de 2024,"Castellano
Inglés","Castellano
Inglés",2007,EEUU,106,No recomendada a menores de 18 años,https://www.elcorteingles.es/cine/A42260072-desafio-a-la-muerte-bd-2007-until-death/?parentCategoryId=999.54220013&color=default
Spy Kids2: La isla de los sueños perdidos (Blu-Ray),N/A,"SAVOR EDICIONES, S.A.",23 de noviembre de 2016,",",,,,,No Disponible,https://www.elcorteingles.es/cine/MP_0000572_cine35916-spy-kids2-la-isla-de-los-suenos-perdidos-blu-ray/?parentCategoryId=999.54220013&color=default
SOPLO SALVAJE (DVD),N/A,,22 de marzo de 2018,"Inglés
Inglés","Español
Español",1953,,,No recomendada a menores de 13 años,https://www.elcorteingles.es/cine/MP_0008555_8436548860387-soplo-salvaje-dvd/?parentCategoryId=999.54220013&color=default
The Blue Iguana DVD 1988,"9,94 €",DVD STORE,9 de enero de 2024,"Castellano
Inglés",Castellano,1988,EEUU,90,Para todos los públicos,https://www.elcorteingles.es/cine/A28275928-the-blue-iguana-dvd-1988/?parentCategoryId=999.54220013&color=default
Gladiator,N/A,DVD STORE,9 de enero de 2024,"Castellano
Alemán","Alemán
Italiano
Inglés",2000,EEUU,98,No recomendada a menores de 12 años,https://www.elcorteingles.es/cine/A35395537-gladiator/?parentCategoryId=999.54220013&color=default
"Rob Roy, La Pasión De Un Rebelde BD 1995","13,69 €",DVD STORE,9 de enero de 2024,"Castellano
Italiano
Alemán
Francés
Inglés","Francés
Alemán
Portugués
Castellano
Inglés",1995,EEUU,139,No recomendada a menores de 12 años,https://www.elcorteingles.es/cine/A41590314-rob-roy-la-pasion-de-un-rebelde-bd-1995/?parentCategoryId=999.54220013&color=default
Hindenburg BDr 1975,"9,94 €",DVD STORE,9 de enero de 2024,"Castellano
Inglés
Alemán","Alemán
Portugués
Castellano
Inglés",1975,EEUU,125,Para todos los públicos,https://www.elcorteingles.es/cine/A47163340-hindenburg-bdr-1975/?parentCategoryId=999.54220013&color=default
SHERLOCK HOLMES Y EL ARMA SECRETA,N/A,DVD STORE,9 de enero de 2024,Castellano,Español,1942,EEUU,68,Para todos los públicos,https://www.elcorteingles.es/cine/A14576145-sherlock-holmes-y-el-arma-secreta/?parentCategoryId=999.54220013&color=default
Prácticamente muerto (DVD),N/A,"SAVOR EDICIONES, S.A.",2 de noviembre de 2016,"Italiano
Francés
Castellano","Castellano
Portugués
Inglés
Noruego
Árabe
Checo
Danés
Húngaro
Polaco",,,80,No recomendada a menores de 13 años,https://www.elcorteingles.es/cine/MP_0000572_cine6680-practicamente-muerto-dvd/?parentCategoryId=999.54220013&color=default
Spy Kids (Blu-Ray),N/A,"SAVOR EDICIONES, S.A.",23 de noviembre de 2016,Castellano,Inglés,,,130,No recomendada a menores de 7 años,https://www.elcorteingles.es/cine/MP_0000572_cine35918-spy-kids-blu-ray/?parentCategoryId=999.54220013&color=default
El León de Esparta (The 300 Spartans),N/A,,7 de diciembre de 2017,"Alemán
Alemán
Alemán
Alemán
Alemán","Alemán
Alemán
Alemán
Alemán
Alemán",,España,,No recomendada a menores de 13 años,https://www.elcorteingles.es/cine/MP_0008858_8420266921796-el-leon-de-esparta-the-300-spartans/?parentCategoryId=999.54220013&color=default
